{"cameraMode":{"drawMode":0,"name":"Shaded","section":"Shading Mode"},"sceneLighting":false,"audioPlay":false,"sceneViewState":{"m_AlwaysRefresh":false,"showFog":true,"showSkybox":false,"showFlares":true,"showImageEffects":true,"showParticleSystems":true,"showVisualEffectGraphs":true,"m_FxEnabled":true},"in2DMode":false,"pivot":{"x":0.16425985097885133,"y":-0.5816009640693665,"z":-0.24726366996765138},"rotation":{"x":0.3131866455078125,"y":-0.17384585738182069,"z":0.05851457267999649,"w":0.9316459894180298},"size":0.8660253882408142,"orthographic":false}