{"cameraMode":{"drawMode":0,"name":"Shaded","section":"Shading Mode"},"sceneLighting":false,"audioPlay":false,"sceneViewState":{"m_AlwaysRefresh":false,"showFog":true,"showSkybox":false,"showFlares":true,"showImageEffects":true,"showParticleSystems":true,"showVisualEffectGraphs":true,"m_FxEnabled":true},"in2DMode":false,"pivot":{"x":-0.28487879037857058,"y":0.8641151189804077,"z":-0.19771115481853486},"rotation":{"x":-0.24955804646015168,"y":-0.6534723043441773,"z":0.24296841025352479,"w":-0.6718543767929077},"size":1.7320507764816285,"orthographic":false}