{"cameraMode":{"drawMode":0,"name":"Shaded","section":"Shading Mode"},"sceneLighting":false,"audioPlay":false,"sceneViewState":{"m_AlwaysRefresh":false,"showFog":true,"showSkybox":false,"showFlares":true,"showImageEffects":true,"showParticleSystems":true,"showVisualEffectGraphs":true,"m_FxEnabled":true},"in2DMode":false,"pivot":{"x":2.0188770294189455,"y":15.592761993408204,"z":-3.1207005977630617},"rotation":{"x":0.030243616551160814,"y":0.06441731005907059,"z":-0.0018559882882982493,"w":0.9973113536834717},"size":2.1219096183776857,"orthographic":false}